Player,Age,Team,Pos,MIN,MPG,eFG% Rank,eFG%,Rim Rank,Rim,Short Mid Rank,Short Mid,Long Mid Rank,Long Mid,All Mid Rank,All Mid,Corner Three Rank,Corner Three,Non Corner Rank,Non Corner,All Three Rank,All Three
Precious Achiuwa,23.1,TOR,Big,1113,20.6,22,52.4%,48,49%,70,25%,40,2%,60,27%,72,11%,51,13%,53,24%
Steven Adams,29.3,MEM,Big,1132,27.0,62,59.7%,88,77%,58,22%,10,0%,44,22%,22,0%,0,0%,12,0%
Bam Adebayo,25.3,MIA,Big,2594,34.6,28,54.3%,31,40%,99,49%,87,10%,99,59%,0,0%,18,1%,14,1%
Ochai Agbaji,22.5,UTA,Combo,1159,22.3,67,54.4%,49,25%,33,17%,3,2%,10,19%,100,24%,45,31%,84,56%
Santi Aldama,21.8,MEM,Big,1625,21.1,42,56.5%,21,34%,36,16%,43,2%,32,19%,92,21%,77,27%,88,48%
Nickeil Alexander-Walker,24.2,MIN,Wing,353,16.1,28,50.4%,36,22%,35,13%,61,9%,36,21%,76,21%,66,35%,72,57%
Nickeil Alexander-Walker,24.2,UTA,Combo,486,15.7,93,59.2%,51,25%,36,18%,40,8%,31,26%,78,15%,60,34%,71,48%
Grayson Allen,27.1,MIL,Wing,1968,27.3,78,57.3%,45,25%,33,12%,9,1%,19,13%,46,14%,88,48%,81,62%
Jarrett Allen,24.5,CLE,Big,2212,32.5,85,64.7%,76,68%,74,26%,58,4%,72,30%,33,1%,18,0%,17,1%
Jose Alvarado,24.6,NOP,Point,1285,21.1,35,50.0%,70,28%,30,22%,11,2%,13,24%,91,15%,57,34%,63,48%
Kyle Anderson,29.1,MIN,Forward,1954,28.3,56,55.1%,60,34%,100,43%,48,4%,94,47%,30,10%,4,9%,4,19%
Giannis Antetokounmpo,27.9,MIL,Big,2021,32.1,47,57.2%,64,59%,44,19%,88,11%,72,30%,21,0%,47,11%,38,11%
Thanasis Antetokounmpo,30.3,MIL,Big,113,6.0,1,40.6%,73,66%,34,16%,46,3%,30,18%,64,8%,43,8%,45,16%
Cole Anthony,22.5,ORL,Point,1524,25.4,52,51.8%,39,21%,72,31%,87,17%,83,48%,22,3%,37,28%,28,31%
OG Anunoby,25.3,TOR,Wing,2385,35.6,66,55.7%,78,37%,51,17%,55,7%,52,24%,68,18%,26,21%,35,39%
Ryan Arcidiacono,28.6,POR,Point,127,18.2,0,34.5%,0,3%,41,24%,74,14%,54,38%,0,0%,100,59%,91,59%
Deni Avdija,21.8,WAS,Wing,1998,26.3,24,49.4%,86,41%,61,19%,31,4%,39,22%,25,10%,44,27%,28,37%
Deandre Ayton,24.3,PHX,Big,2033,30.4,59,59.3%,33,41%,97,41%,96,16%,98,57%,0,0%,28,3%,21,3%
Udoka Azubuike,23.1,UTA,Big,309,12.4,99,83.6%,89,78%,58,22%,0,0%,42,22%,0,0%,0,0%,0,0%
Marvin Bagley,23.6,DET,Big,978,23.3,35,55.7%,36,43%,92,36%,73,6%,90,42%,50,5%,48,11%,44,15%
Patrick Baldwin Jr.,20.0,GSW,Wing,156,7.1,86,59.9%,7,10%,21,10%,21,3%,15,13%,58,15%,99,62%,97,77%
LaMelo Ball,21.2,CHA,Point,1267,35.2,43,51.3%,48,23%,15,18%,43,8%,20,26%,63,7%,76,44%,76,51%
Mohamed Bamba,24.5,ORL,Big,658,16.5,62,59.5%,29,40%,10,9%,66,5%,14,14%,53,6%,94,41%,87,47%
Paolo Banchero,20.0,ORL,Forward,2428,33.7,8,46.5%,64,37%,76,25%,96,16%,90,42%,2,3%,34,19%,14,21%
Desmond Bane,24.4,MEM,Wing,1837,31.7,76,57.0%,57,30%,72,22%,54,7%,66,28%,13,7%,64,35%,42,41%
Dalano Banton,23.0,TOR,Combo,229,8.8,22,48.5%,87,40%,55,21%,26,6%,35,27%,53,10%,24,23%,24,33%
Dominick Barlow,19.4,SAS,Big,340,14.2,26,53.6%,76,69%,61,23%,75,7%,69,30%,0,0%,22,1%,16,1%
Harrison Barnes,30.4,SAC,Wing,2658,32.4,66,55.6%,72,36%,83,24%,19,2%,60,27%,51,14%,34,23%,31,37%
Scottie Barnes,21.3,TOR,Wing,2668,34.7,23,49.2%,81,38%,95,30%,72,11%,92,42%,15,7%,9,13%,3,20%
RJ Barrett,22.4,NYK,Wing,2474,33.9,18,48.7%,84,40%,90,27%,26,3%,72,30%,23,9%,23,20%,17,29%
Will Barton,31.8,WAS,Wing,767,20.2,21,49.1%,23,19%,72,22%,84,15%,82,36%,24,9%,64,35%,48,45%
Will Barton,31.8,TOR,Combo,201,12.6,8,45.3%,20,18%,27,16%,82,13%,44,29%,62,11%,84,42%,78,53%
Charles Bassey,22.0,SAS,Big,438,14.6,81,63.3%,72,65%,73,26%,65,5%,74,31%,30,1%,32,3%,27,4%
Keita Bates-Diop,26.8,SAS,Forward,1410,21.4,72,57.1%,82,46%,78,26%,20,2%,64,28%,36,11%,22,15%,32,27%
Nicolas Batum,33.9,LAC,Forward,1699,21.8,82,58.1%,10,15%,2,2%,30,3%,2,5%,96,34%,88,46%,96,80%
Darius Bazley,22.4,OKC,Big,530,14.7,9,49.0%,64,59%,25,14%,56,4%,29,18%,70,9%,52,14%,53,23%
Bradley Beal,29.3,WAS,Combo,1672,33.5,76,55.3%,72,31%,76,26%,98,20%,97,46%,22,6%,12,18%,9,23%
Malik Beasley,25.9,UTA,Wing,1465,26.6,42,52.7%,1,7%,44,15%,64,9%,52,24%,52,15%,95,55%,91,69%
Malik Beasley,25.9,LAL,Wing,611,23.5,32,51.2%,5,9%,43,15%,56,8%,43,23%,29,11%,97,58%,90,68%
MarJon Beauchamp,21.1,MIL,Wing,588,13.1,14,46.9%,48,26%,11,8%,58,8%,26,16%,89,28%,50,30%,74,57%
Davis Bertans,30.0,DAL,Big,457,10.9,82,63.6%,1,9%,0,1%,27,1%,1,3%,95,23%,100,66%,100,89%
Patrick Beverley,34.3,LAL,Combo,1210,26.9,48,51.9%,18,17%,39,18%,2,2%,17,20%,97,23%,76,40%,92,62%
Patrick Beverley,34.3,CHI,Point,605,27.5,41,50.9%,30,20%,7,14%,0,1%,2,15%,100,26%,65,39%,100,65%
Saddiq Bey,23.6,ATL,Wing,626,25.0,83,58.6%,63,32%,32,12%,34,5%,28,17%,88,28%,34,23%,61,51%
Saddiq Bey,23.6,DET,Wing,1487,28.6,25,49.7%,70,35%,52,17%,52,6%,47,24%,42,13%,47,29%,45,42%
Khem Birch,30.1,TOR,Big,155,7.8,68,60.9%,48,48%,95,39%,72,6%,94,45%,55,6%,0,0%,30,6%
Goga Bitadze,23.3,ORL,Big,244,15.3,53,58.0%,62,58%,78,27%,0,0%,56,27%,0,0%,53,15%,44,15%
Goga Bitadze,23.3,IND,Big,176,9.3,12,50.0%,70,63%,8,8%,59,4%,12,13%,0,0%,71,25%,56,25%
Bismack Biyombo,30.2,PHX,Big,822,13.7,55,58.0%,57,56%,99,44%,0,0%,93,44%,0,0%,0,0%,0,0%
Bogdan Bogdanovic,30.2,ATL,Wing,1503,27.8,74,56.6%,12,14%,57,18%,79,12%,70,30%,45,14%,79,43%,71,57%
Bojan Bogdanovic,33.5,DET,Forward,1892,32.1,68,57.0%,16,21%,88,29%,86,13%,86,41%,38,12%,48,26%,40,38%
Bol Bol,23.0,ORL,Big,1489,21.3,54,58.0%,32,40%,82,28%,83,9%,82,37%,52,6%,59,17%,52,23%
Devin Booker,26.0,PHX,Wing,1828,34.5,60,54.7%,34,22%,93,29%,95,22%,97,51%,6,4%,32,23%,11,27%
Brandon Boston Jr.,20.9,LAC,Wing,184,10.3,7,44.6%,56,30%,93,29%,92,21%,97,49%,7,4%,15,16%,3,21%
Chris Boucher,29.8,TOR,Big,1493,19.7,37,55.8%,52,51%,24,14%,51,3%,27,17%,87,17%,55,15%,69,32%
James Bouknight,22.1,CHA,Combo,450,15.0,4,44.6%,48,25%,22,16%,24,6%,22,22%,51,10%,87,43%,79,53%
Malaki Branham,19.5,SAS,Combo,1433,22.1,34,50.1%,36,22%,72,25%,83,13%,78,38%,45,9%,44,31%,42,40%
Christian Braun,21.5,DEN,Combo,1062,15.6,90,58.2%,96,50%,25,16%,8,3%,11,19%,74,14%,13,18%,20,31%
Mikal Bridges,26.2,PHX,Wing,2035,36.4,44,52.9%,46,25%,94,30%,82,14%,93,43%,60,16%,13,16%,21,32%
Mikal Bridges,26.2,BKN,Wing,922,34.2,56,54.4%,26,20%,96,32%,86,16%,95,48%,46,14%,21,19%,23,33%
Oshae Brissett,24.4,IND,Forward,1034,15.9,6,46.3%,80,45%,32,11%,26,2%,24,13%,42,12%,58,30%,50,42%
Malcolm Brogdon,29.9,BOS,Combo,1731,25.8,88,57.5%,70,30%,62,23%,57,10%,60,33%,27,6%,40,31%,33,37%
Dillon Brooks,26.8,MEM,Wing,2209,30.3,15,46.9%,31,21%,86,26%,68,11%,83,37%,19,8%,60,34%,46,42%
Bruce Brown,26.2,DEN,Wing,2234,27.9,62,55.2%,83,40%,77,23%,45,6%,67,29%,40,13%,18,19%,21,32%
Jaylen Brown,26.0,BOS,Wing,2400,35.8,61,55.1%,67,34%,65,20%,83,14%,77,33%,7,5%,45,28%,22,33%
Moses Brown,23.1,LAC,Big,212,6.9,60,59.4%,97,85%,28,15%,0,0%,17,15%,0,0%,0,0%,0,0%
Troy Brown,23.3,LAL,Wing,1844,24.3,58,54.6%,44,24%,25,11%,46,6%,26,16%,85,25%,61,34%,78,59%
Jalen Brunson,26.2,NYK,Point,2375,34.9,72,54.8%,41,21%,96,41%,67,13%,91,54%,48,6%,17,19%,17,25%
Thomas Bryant,25.3,DEN,Big,168,10.6,10,49.1%,52,51%,72,25%,92,14%,84,39%,0,0%,45,10%,36,10%
Thomas Bryant,25.3,LAL,Big,858,20.9,94,69.4%,59,57%,55,21%,80,8%,66,29%,45,4%,46,10%,43,15%
Reggie Bullock,31.6,DAL,Forward,2351,30.1,70,57.1%,2,10%,4,3%,32,3%,6,6%,100,43%,82,41%,98,84%
Alec Burks,31.3,DET,Wing,1122,22.0,57,54.5%,11,13%,78,23%,85,16%,87,39%,31,11%,68,37%,56,48%
Jimmy Butler,33.1,MIA,Forward,2138,33.4,64,56.1%,76,45%,94,37%,80,9%,92,46%,10,5%,0,4%,0,10%
John Butler,19.9,POR,Big,170,12.2,0,36.4%,6,18%,12,9%,84,9%,28,18%,68,9%,99,56%,96,64%
Jamal Cain,23.6,MIA,Forward,220,14.7,80,57.8%,92,51%,68,23%,18,2%,58,25%,66,17%,2,8%,22,25%
Kentavious Caldwell-Pope,29.7,DEN,Combo,2375,31.3,87,57.3%,38,22%,9,10%,97,20%,47,30%,93,21%,31,27%,65,48%
Vlatko Cancar,25.6,DEN,Big,804,16.4,39,56.2%,23,35%,45,19%,29,1%,35,21%,87,17%,78,27%,84,44%
Clint Capela,28.5,ATL,Big,1730,26.6,87,65.4%,96,85%,29,15%,11,0%,19,15%,0,0%,0,0%,0,0%
Jevon Carter,27.1,MIL,Combo,1753,21.7,82,55.9%,9,12%,8,10%,91,19%,42,28%,80,15%,90,45%,89,60%
Wendell Carter,23.5,ORL,Big,1684,29.5,58,59.0%,32,41%,33,15%,89,11%,51,26%,62,8%,73,26%,71,33%
Alex Caruso,28.7,CHI,Combo,1572,23.5,75,55.3%,79,36%,17,12%,9,4%,8,15%,99,24%,25,24%,69,48%
Julian Champagnie,21.3,SAS,Wing,276,18.4,87,59.9%,43,24%,17,10%,33,4%,21,14%,61,16%,84,46%,81,62%
Kennedy Chandler,20.1,MEM,Point,162,9.0,20,46.8%,89,37%,80,35%,17,4%,57,39%,0,0%,26,24%,15,24%
Max Christie,19.7,LAL,Wing,459,13.5,72,56.3%,28,21%,27,11%,74,12%,42,23%,93,29%,44,27%,72,57%
Josh Christopher,20.9,HOU,Combo,682,11.4,17,47.5%,66,29%,99,40%,21,6%,96,46%,21,6%,18,20%,10,26%
Brandon Clarke,26.1,MEM,Big,1066,19.1,88,65.4%,60,58%,92,37%,62,4%,88,41%,37,2%,0,0%,18,2%
Jordan Clarkson,30.4,UTA,Combo,1987,32.6,52,52.3%,21,19%,94,34%,17,5%,81,39%,17,5%,70,37%,54,43%
Nicolas Claxton,23.5,BKN,Big,2270,29.9,95,70.5%,88,78%,55,21%,13,1%,41,22%,20,0%,0,0%,11,0%
Amir Coffey,25.4,LAC,Wing,515,12.6,3,43.6%,74,36%,98,32%,51,6%,85,39%,44,14%,6,11%,8,25%
John Collins,25.1,ATL,Big,2129,30.0,36,55.7%,27,39%,63,24%,75,7%,73,30%,80,13%,61,18%,68,31%
Zach Collins,25.0,SAS,Big,1434,22.8,45,56.9%,30,40%,78,27%,81,8%,78,35%,36,2%,67,23%,56,25%
Mike Conley,35.1,MIN,Point,752,31.3,96,58.5%,11,12%,61,27%,20,4%,35,32%,85,11%,80,45%,89,56%
Mike Conley,35.1,UTA,Point,1274,29.6,54,51.8%,13,16%,52,25%,26,6%,33,31%,70,8%,83,45%,80,53%
Pat Connaughton,29.8,MIL,Wing,1402,23.4,38,52.1%,24,19%,5,5%,6,1%,3,6%,86,26%,89,48%,96,75%
Xavier Cooks,27.2,WAS,Big,109,15.6,63,60.0%,65,59%,96,41%,0,0%,87,41%,0,0%,0,0%,0,0%
Robert Covington,31.9,LAC,Big,697,15.5,36,55.7%,15,29%,18,12%,38,2%,15,14%,68,9%,96,47%,92,57%
Torrey Craig,31.9,PHX,Forward,1936,24.5,62,55.6%,46,31%,52,16%,50,4%,52,20%,84,24%,46,25%,62,49%
Jae Crowder,32.3,MIL,Forward,325,18.1,98,62.6%,6,13%,74,25%,54,4%,70,30%,58,15%,84,42%,76,57%
Jarrett Culver,23.7,ATL,Wing,125,18.0,5,44.6%,96,52%,8,7%,76,12%,31,19%,15,7%,27,21%,14,29%
Cade Cunningham,21.1,DET,Wing,400,33.4,10,45.7%,52,27%,91,27%,94,21%,96,49%,0,2%,30,23%,7,24%
Seth Curry,32.2,BKN,Wing,1181,19.4,71,56.2%,5,9%,15,9%,99,31%,89,40%,48,14%,70,37%,62,51%
Stephen Curry,34.6,GSW,Point,1940,34.7,100,61.9%,20,18%,20,19%,54,10%,26,29%,50,6%,91,48%,83,53%
Dyson Daniels,19.6,NOP,Wing,943,16.6,22,49.2%,69,34%,81,24%,15,2%,58,26%,49,14%,40,26%,36,40%
Anthony Davis,29.6,LAL,Big,1904,34.0,49,57.3%,47,47%,85,32%,93,14%,95,46%,32,1%,39,6%,32,7%
Johnny Davis,20.7,WAS,Wing,361,17.2,4,44.0%,41,24%,80,24%,70,11%,79,35%,32,11%,50,30%,41,41%
Terence Davis,25.5,SAC,Wing,787,13.1,56,54.5%,40,24%,13,8%,32,4%,12,12%,64,17%,87,48%,85,64%
DeMar DeRozan,33.2,CHI,Wing,2673,36.1,42,52.5%,32,21%,84,25%,100,44%,100,69%,3,3%,2,6%,1,9%
Dewayne Dedmon,33.2,MIA,Big,349,11.7,29,54.3%,44,46%,79,27%,30,1%,67,29%,48,4%,64,21%,58,25%
Matthew Dellavedova,32.1,SAC,Point,158,7.5,7,42.6%,4,9%,54,26%,13,3%,24,29%,89,14%,96,49%,96,63%
Donte DiVincenzo,25.7,GSW,Wing,1873,26.0,82,57.8%,25,19%,24,11%,25,3%,17,13%,66,17%,91,51%,87,67%
Moussa Diabate,20.8,LAC,Big,141,8.3,5,46.8%,75,68%,75,26%,0,0%,53,26%,53,6%,0,0%,30,6%
Mamadi Diakite,25.8,CLE,Big,131,9.4,12,50.0%,20,32%,57,22%,68,5%,56,27%,96,24%,58,16%,80,41%
Hamidou Diallo,24.3,DET,Wing,972,17.4,79,57.4%,98,58%,89,27%,67,10%,84,37%,1,3%,0,2%,0,5%
Gorgui Dieng,32.8,SAS,Big,259,9.3,12,50.0%,7,19%,5,7%,90,11%,30,19%,66,9%,98,54%,96,63%
Ousmane Dieng,19.4,OKC,Forward,515,13.6,20,49.3%,56,34%,28,10%,56,4%,26,15%,68,17%,70,35%,66,52%
Spencer Dinwiddie,29.6,DAL,Combo,1792,33.8,78,55.5%,54,26%,65,23%,37,8%,54,31%,61,10%,54,33%,55,43%
Spencer Dinwiddie,29.6,BKN,Point,917,35.3,24,47.4%,74,28%,65,28%,39,7%,46,35%,41,4%,48,32%,41,36%
Luka Doncic,23.7,DAL,Point,2390,36.2,85,56.8%,57,25%,78,34%,48,10%,72,44%,9,2%,43,30%,33,32%
Luguentz Dort,23.5,OKC,Wing,2257,30.5,13,46.8%,87,42%,37,13%,27,3%,27,16%,28,11%,55,31%,44,42%
Ayo Dosunmu,22.8,CHI,Combo,2030,25.4,71,54.8%,93,48%,21,14%,30,7%,18,20%,82,15%,11,17%,22,32%
Jeff Dowtin,25.5,TOR,Combo,237,11.9,33,50.0%,52,25%,87,29%,87,14%,90,43%,84,16%,6,16%,21,31%
Goran Dragic,36.5,CHI,Combo,781,15.3,31,49.8%,45,25%,66,23%,72,11%,66,35%,44,9%,51,32%,46,41%
Andre Drummond,29.2,CHI,Big,831,12.4,65,60.4%,95,85%,28,15%,0,0%,18,15%,21,0%,17,0%,13,1%
Chris Duarte,25.4,IND,Wing,876,19.1,6,44.6%,49,26%,38,14%,79,12%,57,26%,70,19%,48,29%,54,48%
David Duke,23.1,BKN,Combo,178,10.5,9,45.5%,100,66%,13,11%,6,3%,3,15%,52,10%,2,10%,2,19%
Kris Dunn,28.6,UTA,Point,555,25.2,93,57.7%,78,29%,100,55%,4,1%,96,56%,13,2%,9,13%,9,15%
Kevin Durant,34.1,BKN,Big,1402,36.0,67,60.8%,4,15%,90,35%,99,25%,99,60%,36,1%,65,23%,55,24%
Kevin Durant,34.1,PHX,Big,269,33.7,90,66.1%,0,8%,87,34%,100,29%,100,63%,48,4%,70,25%,62,29%
Jalen Duren,19.0,DET,Big,1652,24.7,85,64.9%,91,78%,48,20%,28,1%,39,22%,19,0%,0,0%,9,0%
Tari Eason,21.5,HOU,Forward,1680,20.5,16,48.9%,96,56%,58,18%,24,2%,50,20%,18,7%,28,17%,20,24%
Anthony Edwards,21.2,MIN,Wing,2837,35.9,45,53.0%,79,37%,50,17%,75,12%,66,28%,3,4%,53,31%,24,34%
Kessler Edwards,22.2,SAC,Wing,296,14.1,64,55.4%,48,25%,23,10%,26,3%,19,13%,83,24%,70,37%,80,61%
Joel Embiid,28.6,PHI,Big,2283,34.6,52,57.8%,25,37%,83,29%,99,21%,96,51%,25,1%,48,11%,39,12%
Drew Eubanks,25.7,POR,Big,1566,20.1,89,65.8%,65,60%,85,32%,58,4%,81,36%,33,1%,33,3%,28,4%
Bruno Fernando,24.2,HOU,Big,348,11.2,22,52.7%,78,69%,81,28%,37,2%,68,30%,32,1%,0,0%,16,1%
Dorian Finney-Smith,29.5,BKN,Big,718,27.6,3,44.7%,18,31%,7,8%,12,1%,5,8%,93,21%,92,40%,93,61%
Dorian Finney-Smith,29.5,DAL,Forward,1284,32.1,52,54.2%,32,26%,10,6%,10,1%,10,7%,90,30%,78,37%,86,67%
Malachi Flynn,24.5,TOR,Combo,623,13.3,7,45.0%,12,15%,48,19%,69,11%,52,31%,65,11%,88,44%,83,55%
Simone Fontecchio,26.9,UTA,Wing,723,15.4,16,47.3%,21,18%,44,15%,57,8%,45,23%,56,15%,80,43%,74,58%
Bryn Forbes,29.3,MIN,Wing,241,9.7,1,39.3%,9,11%,82,24%,87,16%,90,41%,62,16%,58,32%,58,49%
Trent Forrest,24.4,ATL,Combo,238,12.6,15,47.2%,81,37%,100,59%,0,0%,100,59%,0,2%,0,2%,0,4%
Evan Fournier,30.0,NYK,Wing,453,17.5,9,45.1%,6,10%,55,17%,53,7%,50,24%,66,17%,90,49%,86,67%
De'Aaron Fox,24.9,SAC,Point,2431,33.3,80,55.9%,52,24%,87,36%,83,16%,89,52%,30,3%,20,21%,20,25%
Markelle Fultz,24.4,ORL,Combo,1777,29.6,63,53.9%,85,40%,88,30%,93,19%,98,49%,8,5%,1,7%,1,12%
Wenyen Gabriel,25.6,LAL,Big,983,14.9,75,62.0%,77,69%,42,18%,18,1%,32,19%,61,8%,35,4%,40,12%
Daniel Gafford,24.1,WAS,Big,1598,20.5,96,73.1%,81,72%,72,25%,42,2%,62,28%,0,0%,0,0%,0,0%
Darius Garland,22.8,CLE,Point,2447,35.5,67,53.6%,43,22%,70,31%,72,14%,78,45%,33,3%,41,30%,35,33%
Usman Garuba,20.6,HOU,Big,901,12.0,25,53.6%,56,55%,32,15%,0,0%,22,15%,82,15%,54,15%,64,30%
Luka Garza,23.8,MIN,Big,202,9.6,78,62.8%,37,43%,59,22%,49,3%,48,25%,41,3%,82,30%,70,32%
Rudy Gay,36.2,UTA,Forward,812,14.5,2,43.0%,12,17%,70,25%,92,15%,84,40%,56,15%,54,27%,52,43%
Paul George,32.5,LAC,Wing,1937,34.6,52,54.0%,42,24%,48,16%,93,21%,83,37%,11,6%,59,33%,36,39%
Taj Gibson,37.4,WAS,Big,444,9.9,40,56.2%,44,46%,59,22%,95,15%,82,38%,67,9%,44,8%,47,17%
Josh Giddey,20.1,OKC,Forward,2368,31.2,30,51.7%,72,39%,96,38%,40,4%,88,41%,0,3%,30,17%,10,20%
Shai Gilgeous-Alexander,24.3,OKC,Point,2402,35.3,63,53.4%,91,40%,85,35%,76,15%,87,50%,7,1%,7,9%,4,10%
Anthony Gill,30.0,WAS,Big,568,10.7,32,55.1%,53,52%,73,26%,31,1%,56,27%,79,13%,44,8%,50,21%
Rudy Gobert,30.3,MIN,Big,2148,30.7,90,66.1%,98,87%,20,13%,14,1%,13,13%,0,0%,14,0%,8,0%
Jordan Goodwin,24.0,WAS,Combo,1042,18.9,36,50.6%,61,28%,90,30%,74,12%,89,42%,35,7%,22,23%,18,30%
Aaron Gordon,27.1,DEN,Forward,2052,30.2,96,60.7%,100,61%,40,14%,70,5%,46,20%,16,6%,12,13%,8,19%
Eric Gordon,33.9,LAC,Wing,541,24.6,85,59.3%,37,23%,50,16%,5,1%,29,17%,16,7%,94,53%,79,60%
Eric Gordon,33.9,HOU,Wing,1414,30.1,49,53.5%,54,28%,74,22%,15,2%,53,24%,4,4%,81,44%,54,47%
Devonte' Graham,27.7,NOP,Combo,792,15.0,45,51.8%,4,11%,4,9%,18,6%,2,14%,42,9%,100,66%,97,75%
Devonte' Graham,27.7,SAS,Combo,525,26.3,44,51.8%,6,11%,7,9%,71,11%,20,21%,39,8%,97,60%,96,68%
Jerami Grant,28.6,POR,Forward,2245,35.6,60,55.5%,62,36%,54,16%,88,13%,68,29%,52,14%,42,22%,38,35%
AJ Green,23.1,MIL,Combo,284,10.1,98,61.7%,0,5%,0,2%,35,8%,0,10%,94,21%,99,64%,100,86%
Draymond Green,32.7,GSW,Big,2298,31.5,50,57.3%,42,45%,79,27%,45,3%,71,30%,65,8%,60,17%,57,25%
JaMychal Green,32.4,GSW,Big,784,13.8,80,63.1%,45,46%,15,11%,52,3%,16,14%,85,16%,68,24%,78,39%
Jalen Green,20.7,HOU,Combo,2600,34.2,25,48.8%,76,33%,35,17%,79,13%,49,30%,11,5%,49,32%,30,37%
Javonte Green,29.3,CHI,Wing,465,14.5,94,62.3%,99,59%,30,11%,7,1%,13,12%,57,15%,9,14%,16,29%
Jeff Green,36.2,DEN,Big,1055,18.9,30,54.6%,42,45%,64,24%,64,5%,65,29%,71,11%,56,16%,58,27%
Josh Green,22.0,DAL,Wing,1512,25.2,96,62.6%,85,41%,54,17%,14,2%,32,19%,89,28%,7,12%,37,40%
AJ Griffin,19.2,ATL,Wing,1369,19.6,65,55.4%,13,14%,95,30%,65,9%,89,39%,50,14%,58,32%,52,47%
Blake Griffin,33.6,BOS,Big,526,14.2,61,59.5%,38,43%,13,9%,0,0%,7,9%,88,18%,83,30%,87,48%
Quentin Grimes,22.5,NYK,Wing,2088,30.3,87,60.0%,54,29%,3,5%,12,2%,3,6%,84,24%,75,40%,85,64%
Rui Hachimura,24.7,LAL,Forward,726,22.0,34,52.0%,70,39%,66,22%,90,14%,82,36%,22,8%,32,18%,26,26%
Rui Hachimura,24.7,WAS,Wing,726,24.2,50,53.7%,56,30%,73,22%,95,22%,94,44%,22,9%,15,17%,9,26%
Tyrese Haliburton,22.7,IND,Combo,1882,33.6,92,58.8%,62,28%,49,20%,34,7%,36,27%,15,5%,75,40%,60,45%
R.J. Hampton,21.7,ORL,Combo,332,13.3,55,52.9%,34,22%,71,25%,55,10%,65,34%,70,12%,48,32%,57,44%
R.J. Hampton,21.7,DET,Wing,384,18.3,38,52.0%,55,29%,68,20%,41,5%,56,26%,30,11%,62,34%,49,45%
Tim Hardaway Jr.,30.6,DAL,Wing,2140,30.2,46,53.1%,17,16%,34,12%,66,10%,40,22%,68,18%,81,44%,83,62%
James Harden,33.2,PHI,Point,2131,36.7,65,53.5%,59,25%,37,23%,37,7%,30,30%,17,3%,67,42%,59,45%
Jaden Hardy,19.3,DAL,Combo,641,14.9,62,53.8%,80,37%,10,11%,46,9%,13,20%,56,10%,57,34%,56,44%
Montrezl Harrell,28.8,PHI,Big,657,12.4,63,60.0%,85,75%,56,22%,26,1%,45,23%,23,0%,22,1%,19,2%
Gary Harris,28.1,ORL,Wing,1183,24.6,91,60.7%,19,17%,9,7%,46,6%,16,13%,97,30%,74,39%,91,70%
Joe Harris,31.2,BKN,Wing,1508,20.4,95,62.4%,13,14%,6,6%,38,5%,8,11%,79,22%,93,53%,97,75%
Kevon Harris,25.4,ORL,Combo,430,13.1,49,52.0%,94,50%,11,11%,1,2%,1,13%,72,13%,27,25%,36,38%
Tobias Harris,30.3,PHI,Wing,2434,32.9,79,57.6%,64,33%,83,24%,49,6%,74,31%,59,16%,26,21%,29,37%
Shaquille Harrison,29.1,POR,Combo,113,22.7,10,45.6%,97,50%,18,13%,56,10%,25,23%,1,3%,26,25%,15,28%
Josh Hart,27.7,POR,Wing,1704,33.4,62,55.2%,95,52%,46,15%,40,5%,34,20%,40,13%,11,15%,13,28%
Josh Hart,27.7,NYK,Wing,741,29.6,99,66.6%,94,51%,58,18%,13,2%,34,20%,26,10%,17,18%,15,29%
Isaiah Hartenstein,24.5,NYK,Big,1597,19.5,33,55.1%,68,61%,75,26%,39,2%,65,29%,59,7%,33,4%,37,11%
Sam Hauser,24.9,BOS,Wing,1169,15.2,98,64.0%,9,11%,2,3%,19,2%,1,6%,94,30%,95,54%,99,83%
Jaxson Hayes,22.4,NOP,Big,523,14.6,59,59.3%,75,67%,53,21%,29,1%,43,22%,55,6%,36,5%,38,11%
Killian Hayes,21.3,DET,Point,2131,28.1,9,42.8%,9,12%,89,36%,93,18%,93,54%,76,9%,28,25%,37,34%
Gordon Hayward,32.6,CHA,Wing,1576,31.5,39,52.2%,28,20%,97,32%,97,23%,99,55%,12,6%,20,19%,7,25%
Juan Hernangomez,27.1,TOR,Forward,577,14.8,18,49.1%,66,38%,6,5%,22,2%,12,7%,82,24%,62,32%,74,55%
Willy Hernangomez,28.4,NOP,Big,375,13.4,24,53.5%,84,75%,46,20%,38,2%,38,22%,28,1%,29,3%,23,3%
Tyler Herro,22.8,MIA,Wing,2327,34.7,48,53.5%,15,15%,89,27%,77,12%,86,39%,21,9%,69,37%,51,46%
Buddy Hield,29.9,IND,Wing,2480,31.0,88,60.0%,26,19%,11,8%,59,8%,25,16%,36,12%,92,52%,84,64%
Haywood Highsmith,25.9,MIA,Big,914,18.7,15,51.0%,14,29%,35,16%,67,5%,36,21%,96,24%,73,25%,88,50%
George Hill,36.5,IND,Combo,158,14.4,100,74.2%,56,26%,34,17%,4,3%,16,20%,88,17%,69,37%,82,54%
George Hill,36.5,MIL,Combo,646,18.5,73,55.0%,60,27%,12,11%,43,9%,12,20%,96,22%,46,31%,80,53%
Aaron Holiday,26.1,ATL,Combo,802,14.3,28,49.5%,47,25%,79,27%,49,9%,72,36%,34,7%,52,32%,40,39%
Jrue Holiday,32.4,MIL,Point,2175,32.5,76,55.6%,65,26%,48,25%,61,12%,50,37%,43,5%,52,33%,46,37%
Justin Holiday,33.6,ATL,Wing,390,14.4,19,48.7%,16,16%,1,3%,78,12%,24,15%,97,31%,72,38%,92,70%
Justin Holiday,33.6,DAL,Wing,285,15.8,11,46.1%,17,16%,3,4%,62,9%,14,13%,100,52%,19,19%,93,71%
Richaun Holmes,29.0,SAC,Big,296,9.0,76,62.7%,61,58%,93,37%,25,1%,83,38%,0,0%,34,4%,25,4%
Al Horford,36.4,BOS,Big,1921,30.5,77,62.7%,5,17%,18,12%,53,3%,22,16%,98,27%,93,40%,98,67%
Talen Horton-Tucker,21.9,UTA,Wing,1270,20.2,12,46.6%,76,37%,92,28%,47,6%,79,34%,8,5%,37,24%,17,29%
Danuel House,29.4,PHI,Wing,745,14.1,73,56.5%,73,36%,12,8%,50,6%,21,14%,87,28%,29,22%,58,50%
Caleb Houstan,19.8,ORL,Wing,754,15.7,28,50.6%,33,21%,0,1%,44,5%,2,6%,91,28%,83,45%,95,73%
Kevin Huerter,24.2,SAC,Wing,2197,29.3,91,60.6%,20,18%,64,19%,50,6%,56,25%,25,10%,85,46%,70,57%
DeAndre Hunter,24.9,ATL,Wing,2125,31.7,40,52.3%,42,24%,85,25%,90,19%,93,44%,44,14%,16,18%,20,32%
Nah'Shon Hyland,22.1,LAC,Combo,243,17.4,35,50.4%,35,22%,24,16%,44,9%,29,24%,63,11%,85,43%,81,54%
Nah'Shon Hyland,22.1,DEN,Point,797,19.0,37,50.7%,50,23%,22,19%,24,6%,15,24%,52,6%,87,47%,78,53%
Serge Ibaka,33.1,MIL,Big,154,9.7,21,52.2%,25,38%,67,25%,82,8%,78,33%,46,4%,71,25%,63,29%
Andre Iguodala,38.8,GSW,Forward,111,14.0,22,50.0%,54,33%,16,7%,0,0%,8,7%,50,13%,90,47%,80,60%
Joe Ingles,35.1,MIL,Wing,1033,22.5,90,60.5%,7,10%,7,7%,20,2%,5,9%,79,22%,97,59%,99,81%
Brandon Ingram,25.2,NOP,Wing,1538,34.2,41,52.4%,34,22%,97,32%,99,28%,99,61%,1,2%,13,16%,1,18%
Kyrie Irving,30.6,BKN,Combo,1476,36.9,84,57.1%,31,21%,74,25%,84,14%,82,39%,9,5%,63,35%,43,40%
Kyrie Irving,30.6,DAL,Combo,762,38.1,91,58.7%,53,26%,82,28%,65,11%,85,39%,7,5%,43,31%,29,36%
Jonathan Isaac,25.1,ORL,Wing,124,11.3,15,47.2%,89,44%,70,21%,62,9%,71,30%,14,7%,22,19%,9,26%
Jaden Ivey,20.7,DET,Combo,2287,30.9,19,48.2%,78,35%,56,21%,80,13%,64,34%,6,4%,29,26%,19,31%
Isaiah Jackson,20.8,IND,Big,991,16.3,48,57.3%,85,76%,42,19%,50,3%,38,22%,27,1%,27,2%,22,3%
Jaren Jackson,23.1,MEM,Big,1776,28.2,44,56.9%,38,43%,76,27%,19,1%,59,27%,58,7%,67,23%,64,30%
Quenton Jackson,24.1,WAS,Combo,122,17.5,16,47.2%,98,52%,45,19%,31,7%,33,26%,10,5%,9,17%,3,21%
Reggie Jackson,32.5,LAC,Combo,1333,25.7,28,49.5%,37,22%,69,24%,76,13%,73,36%,58,10%,47,31%,51,42%
Reggie Jackson,32.5,DEN,Point,296,18.5,11,44.4%,7,9%,59,27%,70,13%,61,40%,98,18%,46,32%,74,50%
LeBron James,37.8,LAL,Big,1951,35.5,33,55.3%,35,42%,38,17%,92,13%,70,30%,40,3%,74,26%,61,28%
Ty Jerome,25.3,GSW,Combo,770,18.3,74,55.2%,25,20%,98,39%,22,6%,94,45%,40,9%,28,26%,28,35%
Isaiah Joe,23.3,OKC,Combo,1348,19.0,96,60.6%,3,10%,1,5%,54,9%,6,15%,67,12%,98,64%,98,75%
Cameron Johnson,26.7,PHX,Forward,429,25.3,94,60.4%,28,25%,20,9%,84,11%,48,20%,64,17%,80,38%,70,55%
Cameron Johnson,26.7,BKN,Wing,770,30.8,75,56.9%,50,27%,36,13%,77,12%,55,25%,72,19%,48,29%,57,48%
Jalen Johnson,20.9,ATL,Forward,1004,14.6,58,55.2%,90,50%,56,17%,64,5%,54,22%,48,13%,24,15%,34,28%
James Johnson,35.7,IND,Big,134,8.4,5,47.3%,45,46%,43,19%,81,8%,56,27%,89,19%,45,8%,59,27%
Keldon Johnson,22.9,SAS,Wing,2062,32.7,36,51.5%,80,38%,87,27%,25,3%,70,30%,19,8%,38,25%,23,33%
Keon Johnson,20.6,POR,Combo,304,10.2,12,46.4%,65,29%,63,23%,33,7%,48,30%,79,15%,30,26%,49,41%
Stanley Johnson,26.4,SAS,Big,424,14.7,74,61.8%,30,40%,67,25%,65,5%,70,30%,78,12%,62,18%,67,31%
Nikola Jokic,27.7,DEN,Big,2319,33.6,92,66.4%,41,44%,91,36%,76,7%,91,43%,25,1%,50,12%,42,13%
Damian Jones,27.3,LAL,Big,140,8.2,8,48.3%,93,83%,15,11%,0,0%,11,11%,0,0%,38,6%,28,6%
Damian Jones,27.3,UTA,Big,285,15.8,100,84.5%,82,74%,1,2%,0,0%,0,2%,93,22%,26,2%,54,24%
Herbert Jones,24.1,NOP,Forward,1948,29.5,40,52.8%,94,52%,42,14%,42,4%,40,18%,60,16%,16,14%,36,30%
Kai Jones,21.8,CHA,Big,468,13.4,30,54.5%,58,56%,66,25%,64,5%,68,30%,57,7%,42,8%,42,14%
Tre Jones,22.8,SAS,Point,1981,29.1,28,49.0%,87,36%,91,37%,35,7%,76,44%,57,7%,11,13%,11,20%
Tyus Jones,26.5,MEM,Combo,1918,24.0,56,52.9%,7,11%,97,36%,51,9%,92,45%,48,9%,62,35%,58,44%
Derrick Jones Jr.,25.7,CHI,Big,845,14.1,38,56.0%,69,61%,7,8%,12,0%,4,8%,92,20%,47,11%,66,30%
DeAndre Jordan,34.3,DEN,Big,568,15.0,99,76.8%,99,90%,5,7%,33,2%,6,9%,0,0%,19,1%,15,1%
Cory Joseph,31.2,DET,Combo,1184,19.7,57,53.3%,17,17%,73,25%,61,10%,69,35%,47,9%,72,38%,64,47%
Nikola Jovic,19.4,MIA,Big,192,13.7,4,45.5%,19,32%,22,14%,82,8%,43,22%,81,14%,87,32%,85,46%
Johnny Juzang,21.6,UTA,Wing,216,12.0,1,42.3%,3,8%,56,17%,88,16%,78,34%,64,16%,78,42%,75,59%
Frank Kaminsky,29.6,ATL,Big,132,6.3,93,69.1%,16,30%,65,24%,48,3%,56,27%,41,3%,93,41%,83,43%
Luke Kennard,26.4,LAC,Wing,720,20.6,92,61.0%,10,12%,46,15%,74,12%,61,27%,38,13%,87,48%,79,61%
Luke Kennard,26.4,MEM,Combo,566,23.6,99,71.4%,1,8%,3,8%,20,6%,4,15%,90,18%,96,59%,99,78%
Walker Kessler,21.3,UTA,Big,1693,22.9,95,72.0%,95,85%,21,13%,27,1%,16,14%,24,0%,15,0%,13,1%
Corey Kispert,23.7,WAS,Wing,2066,27.9,97,63.5%,44,25%,26,11%,21,3%,17,13%,60,16%,86,47%,83,62%
Maxi Kleber,30.8,DAL,Big,923,25.0,48,57.2%,13,28%,3,6%,57,4%,8,10%,90,19%,95,43%,95,62%
Nathan Knight,25.1,MIN,Big,236,8.8,64,60.2%,67,60%,33,16%,25,1%,26,17%,59,7%,56,16%,52,23%
Kevin Knox,23.2,POR,Forward,305,18.0,44,53.4%,68,38%,36,11%,78,8%,44,19%,44,12%,60,31%,54,43%
Kevin Knox,23.2,DET,Wing,556,14.3,83,58.6%,38,23%,34,13%,17,2%,23,15%,95,30%,56,32%,82,62%
Christian Koloko,22.4,TOR,Big,766,14.2,11,49.6%,86,76%,41,18%,15,1%,31,19%,42,3%,28,2%,29,6%
John Konchar,26.6,MEM,Wing,1445,20.4,40,52.3%,75,37%,13,8%,16,2%,7,11%,93,29%,35,24%,64,53%
Furkan Korkmaz,25.3,PHI,Wing,280,10.4,17,48.2%,66,34%,70,21%,60,8%,69,29%,33,12%,39,25%,30,37%
Luke Kornet,27.3,BOS,Big,698,10.7,88,65.7%,90,78%,27,14%,17,1%,20,15%,44,4%,30,3%,33,7%
Vit Krejci,22.4,ATL,Forward,104,5.8,0,28.9%,40,30%,24,10%,62,5%,30,15%,6,5%,94,50%,70,55%
Jonathan Kuminga,20.1,GSW,Forward,1308,19.5,78,57.6%,84,47%,72,25%,44,4%,66,29%,34,11%,14,14%,24,25%
Kyle Kuzma,27.3,WAS,Forward,2238,35.0,36,52.3%,38,28%,80,26%,76,8%,78,34%,32,10%,56,28%,42,38%
Jake LaRavia,21.0,MEM,Forward,325,13.0,84,58.1%,22,22%,6,5%,0,0%,4,5%,40,12%,98,61%,88,72%
Zach LaVine,27.6,CHI,Wing,2768,36.0,69,55.8%,75,37%,32,12%,89,17%,64,28%,9,5%,52,30%,26,35%
Anthony Lamb,24.8,GSW,Big,1109,18.2,56,58.4%,8,22%,26,14%,45,3%,25,17%,95,23%,92,39%,95,62%
Jock Landale,27.0,PHX,Big,911,13.6,47,57.0%,49,50%,68,25%,52,3%,64,28%,30,1%,64,21%,51,22%
Romeo Langford,23.0,SAS,Wing,815,19.0,30,51.0%,79,37%,100,36%,39,5%,91,41%,41,13%,5,9%,5,22%
Caris LeVert,28.2,CLE,Wing,2206,29.8,34,51.3%,58,31%,79,24%,44,5%,68,29%,26,10%,51,30%,38,40%
Damion Lee,30.0,PHX,Wing,1420,19.5,75,57.0%,15,16%,66,20%,70,11%,72,31%,81,23%,54,31%,66,54%
Saben Lee,23.4,PHX,Combo,318,15.9,26,49.0%,99,56%,37,18%,13,4%,24,22%,28,7%,4,15%,4,22%
Alex Len,29.4,SAC,Big,132,7.4,12,50.0%,94,85%,16,12%,0,0%,12,12%,0,0%,35,4%,25,4%
Kawhi Leonard,31.3,LAC,Forward,1745,33.6,74,57.3%,18,21%,86,28%,100,24%,96,53%,8,5%,40,21%,30,26%
Meyers Leonard,30.7,MIL,Big,100,14.3,72,61.5%,26,38%,5,7%,54,3%,10,10%,58,7%,96,45%,90,52%
Kira Lewis Jr.,21.6,NOP,Point,170,13.1,74,55.4%,83,31%,39,23%,59,11%,41,34%,61,7%,30,27%,39,34%
Damian Lillard,32.3,POR,Point,2105,36.3,83,56.6%,80,30%,2,12%,46,8%,9,21%,26,3%,85,46%,67,49%
Nassir Little,22.7,POR,Wing,953,17.7,54,54.1%,51,27%,31,12%,72,11%,44,23%,18,8%,77,42%,60,50%
Isaiah Livers,24.3,DET,Wing,1180,22.7,70,56.0%,11,13%,19,10%,64,9%,32,19%,85,25%,79,43%,89,68%
Kenneth Lofton,20.2,MEM,Big,112,10.3,58,59.3%,71,63%,16,11%,94,15%,50,26%,50,5%,41,6%,39,11%
Kevon Looney,26.7,GSW,Big,1961,23.9,79,62.9%,81,72%,64,24%,55,4%,61,28%,0,0%,16,0%,10,0%
Brook Lopez,34.6,MIL,Big,2367,30.4,66,60.6%,22,34%,47,20%,79,8%,63,28%,63,8%,84,30%,75,38%
Robin Lopez,34.6,CLE,Big,243,9.0,86,65.2%,35,42%,100,51%,50,3%,97,54%,35,1%,30,3%,27,4%
Kevin Love,34.1,MIA,Big,414,19.7,12,50.0%,4,15%,21,13%,53,3%,25,17%,75,11%,99,56%,99,68%
Kevin Love,34.1,CLE,Big,820,20.0,16,51.1%,2,14%,19,13%,76,7%,33,20%,75,12%,98,55%,98,66%
Kyle Lowry,36.6,MIA,Point,1706,31.0,50,51.7%,28,20%,4,14%,30,7%,7,21%,87,12%,93,48%,93,60%
Trey Lyles,27.0,SAC,Big,1212,16.4,53,57.8%,24,37%,9,8%,18,1%,7,9%,91,20%,88,34%,90,54%
Theo Maledon,21.4,CHA,Combo,798,18.6,13,46.8%,71,31%,93,31%,16,4%,71,36%,3,3%,42,31%,25,33%
Sandro Mamukelashvili,23.4,SAS,Big,423,22.3,19,51.8%,43,45%,40,18%,42,2%,33,20%,51,5%,81,30%,73,35%
Sandro Mamukelashvili,23.4,MIL,Big,178,8.9,2,42.7%,34,41%,10,9%,0,0%,5,9%,85,15%,89,35%,89,50%
Terance Mann,26.0,LAC,Combo,1804,22.3,94,59.8%,90,44%,26,16%,19,6%,21,22%,89,17%,10,17%,26,34%
Tre Mann,21.7,OKC,Combo,1094,16.8,20,48.3%,27,20%,64,23%,47,9%,55,32%,31,7%,81,41%,70,48%
Lauri Markkanen,25.4,UTA,Forward,2270,34.4,86,58.7%,52,33%,62,21%,60,5%,60,26%,24,8%,64,33%,48,41%
Naji Marshall,24.8,NOP,Wing,1748,22.7,27,50.3%,68,34%,91,28%,32,4%,76,32%,58,16%,17,19%,25,34%
Caleb Martin,27.1,MIA,Wing,2031,28.6,54,54.2%,65,33%,41,15%,75,12%,58,26%,70,19%,28,22%,40,41%
Cody Martin,27.1,CHA,Wing,130,18.7,5,44.3%,85,41%,28,11%,81,14%,54,24%,62,16%,18,19%,26,35%
Kenyon Martin Jr.,21.8,HOU,Wing,2269,27.7,93,62.0%,97,58%,48,16%,0,0%,25,16%,13,7%,23,19%,10,26%
Garrison Mathews,26.0,HOU,Wing,566,12.9,37,51.8%,4,9%,1,3%,8,1%,0,4%,77,22%,100,66%,100,88%
Bennedict Mathurin,20.4,IND,Wing,2203,28.2,23,49.3%,89,44%,79,23%,37,5%,64,28%,11,6%,28,22%,13,28%
Wesley Matthews,36.0,MIL,Wing,771,15.1,19,48.7%,14,15%,9,7%,34,4%,11,12%,90,28%,83,45%,95,73%
Tyrese Maxey,22.0,PHI,Combo,2012,33.5,83,56.9%,73,31%,67,23%,42,9%,57,32%,43,9%,37,28%,34,37%
Skylar Mays,25.2,POR,Combo,181,30.2,97,60.9%,67,29%,47,19%,88,15%,63,34%,36,7%,39,29%,31,37%
Miles McBride,22.1,NYK,Combo,700,12.3,6,44.9%,28,21%,19,13%,36,8%,19,20%,98,23%,64,35%,88,59%
CJ McCollum,31.1,NOP,Combo,2647,35.3,43,51.6%,19,17%,75,25%,90,18%,91,44%,13,5%,58,34%,38,39%
TJ McConnell,30.6,IND,Point,1491,19.9,87,56.8%,98,42%,93,41%,33,7%,80,47%,28,3%,4,7%,7,10%
Jaden McDaniels,22.1,MIN,Wing,2411,30.5,85,59.5%,77,37%,77,23%,42,5%,65,28%,73,20%,12,15%,25,35%
Jalen McDaniels,24.8,CHA,Wing,1483,26.5,32,51.1%,82,39%,66,20%,30,3%,48,24%,54,15%,32,23%,33,38%
Jalen McDaniels,24.8,PHI,Wing,398,16.6,51,53.8%,93,50%,75,23%,43,5%,63,28%,28,11%,7,11%,5,22%
Doug McDermott,30.8,SAS,Wing,1311,20.5,81,57.7%,35,22%,56,17%,35,5%,38,22%,34,12%,82,45%,69,56%
JaVale McGee,34.8,DAL,Big,318,7.8,91,66.2%,79,71%,76,27%,19,1%,62,28%,0,0%,19,1%,15,1%
Bryce McGowens,20.0,CHA,Wing,710,17.3,20,48.9%,87,42%,63,19%,11,2%,35,21%,56,15%,30,23%,32,38%
Rodney McGruder,31.3,DET,Wing,491,17.0,63,55.3%,22,19%,62,19%,28,3%,40,22%,91,29%,52,30%,77,59%
Jordan McLaughlin,26.6,MIN,Point,664,15.5,57,51.8%,67,27%,33,22%,7,2%,11,24%,96,17%,50,32%,70,49%
De'Anthony Melton,24.4,PHI,Combo,2138,27.8,69,54.6%,46,25%,16,12%,7,3%,7,15%,87,16%,89,44%,90,60%
Chimezie Metu,25.6,SAC,Big,657,10.3,70,61.1%,67,61%,56,22%,41,2%,47,24%,34,1%,53,14%,45,16%
Khris Middleton,31.2,MIL,Wing,792,24.0,26,50.3%,19,17%,81,24%,93,21%,95,45%,10,5%,57,32%,32,38%
Patty Mills,34.2,BKN,Combo,536,13.4,53,52.8%,2,8%,6,9%,92,19%,37,27%,85,16%,93,49%,94,64%
Shake Milton,26.1,PHI,Combo,1494,19.9,64,53.9%,83,38%,85,29%,29,7%,70,36%,38,8%,16,18%,11,26%
Davion Mitchell,24.2,SAC,Combo,1424,17.8,61,53.7%,57,27%,15,12%,78,13%,28,24%,55,10%,73,39%,73,49%
Donovan Mitchell,26.1,CLE,Combo,2431,35.8,89,57.6%,55,26%,42,19%,81,13%,56,32%,2,3%,79,40%,53,43%
Evan Mobley,21.4,CLE,Big,2714,34.4,43,56.6%,53,51%,88,34%,67,5%,84,39%,45,4%,37,5%,35,10%
Malik Monk,24.7,SAC,Wing,1707,22.2,55,54.2%,60,31%,54,17%,42,5%,41,22%,20,8%,71,38%,52,46%
Moses Moody,20.4,GSW,Wing,725,12.3,89,60.1%,53,28%,26,11%,21,3%,17,13%,83,24%,65,35%,76,59%
Ja Morant,23.2,MEM,Point,1947,31.9,39,50.8%,93,40%,83,35%,22,5%,59,39%,15,3%,15,18%,13,21%
Marcus Morris,33.2,LAC,Big,1822,28.0,19,51.6%,1,10%,68,25%,98,19%,93,44%,73,11%,90,35%,85,46%
Markieff Morris,33.2,BKN,Big,275,10.2,17,51.3%,2,10%,39,17%,95,15%,77,32%,97,25%,88,33%,93,58%
Monte Morris,27.3,WAS,Point,1693,27.3,78,55.8%,22,19%,46,25%,96,19%,70,43%,78,10%,35,27%,50,38%
Trey Murphy III,22.4,NOP,Wing,2421,30.7,93,61.7%,50,27%,28,11%,28,3%,23,14%,67,17%,76,42%,75,59%
Dejounte Murray,26.1,ATL,Combo,2686,36.3,42,51.4%,26,20%,84,29%,100,23%,99,52%,33,7%,20,21%,16,28%
Jamal Murray,25.7,DEN,Combo,2128,32.7,66,54.4%,33,22%,51,20%,96,20%,87,40%,16,5%,56,34%,39,39%
Keegan Murray,22.2,SAC,Forward,2356,29.5,88,58.8%,26,24%,34,11%,38,4%,28,15%,74,19%,86,43%,82,62%
Mike Muscala,31.3,OKC,Big,621,14.5,52,57.6%,5,16%,8,8%,85,9%,28,18%,76,12%,97,54%,97,66%
Mike Muscala,31.3,BOS,Big,297,18.6,69,61.0%,3,15%,14,10%,63,5%,21,15%,99,27%,95,43%,99,70%
Sviatoslav Mykhailiuk,25.4,CHA,Wing,412,22.9,72,56.5%,47,25%,36,13%,60,9%,37,21%,72,19%,62,34%,66,53%
Larry Nance Jr.,29.8,NOP,Big,1368,21.1,79,63.0%,66,60%,62,23%,55,4%,55,27%,60,7%,38,6%,41,13%
Andrew Nembhard,22.8,IND,Combo,2044,27.3,40,51.3%,30,21%,81,28%,67,11%,84,39%,64,11%,38,29%,45,40%
Aaron Nesmith,23.0,IND,Forward,1800,24.7,38,52.4%,50,32%,48,15%,36,3%,42,19%,80,23%,52,27%,64,50%
Raul Neto,30.5,CLE,Combo,413,11.8,85,57.3%,82,38%,52,20%,12,4%,27,24%,49,9%,36,28%,37,38%
Georges Niang,29.4,PHI,Forward,1489,19.1,92,59.9%,8,14%,26,10%,4,0%,20,10%,62,16%,96,60%,92,76%
Daishen Nix,20.7,HOU,Point,843,15.1,4,42.3%,76,28%,9,15%,9,2%,4,17%,67,8%,89,47%,87,55%
Zeke Nnaji,21.8,DEN,Big,645,14.7,78,62.8%,74,66%,4,6%,13,1%,2,7%,72,11%,57,16%,60,27%
Nerlens Noel,28.6,DET,Big,136,11.4,1,40.4%,28,39%,98,43%,88,11%,96,54%,0,0%,42,7%,34,7%
Jaylen Nowell,23.3,MIN,Combo,1230,18.9,39,51.1%,75,33%,78,27%,25,6%,61,33%,25,6%,35,28%,27,34%
Frank Ntilikina,24.3,DAL,Wing,541,12.3,7,45.0%,36,22%,64,20%,71,11%,75,31%,71,19%,46,28%,53,47%
Kendrick Nunn,27.2,LAL,Combo,495,13.4,37,50.6%,39,23%,38,18%,58,10%,43,28%,69,12%,67,37%,72,49%
Kendrick Nunn,27.2,WAS,Wing,413,14.8,53,54.1%,25,19%,76,23%,80,13%,81,35%,32,11%,60,34%,50,45%
Jusuf Nurkic,28.2,POR,Big,1387,26.7,41,56.3%,59,57%,48,20%,35,2%,40,22%,42,3%,62,18%,48,21%
Jordan Nwora,24.1,MIL,Wing,540,15.0,21,49.2%,46,25%,38,14%,66,10%,49,24%,47,14%,72,38%,62,52%
Jordan Nwora,24.1,IND,Wing,586,24.4,77,57.1%,70,34%,59,18%,48,6%,50,24%,53,15%,43,27%,43,41%
Royce O'Neale,29.4,BKN,Wing,2382,31.3,46,53.0%,32,21%,23,11%,5,1%,9,11%,34,12%,96,56%,89,68%
Chuma Okeke,24.2,ORL,Wing,487,19.5,8,45.0%,38,23%,7,7%,29,3%,6,10%,52,14%,93,53%,87,67%
Josh Okogie,24.2,PHX,Wing,1258,18.5,13,46.7%,72,36%,60,18%,38,5%,44,23%,74,20%,25,21%,42,41%
Onyeka Okongwu,21.9,ATL,Big,1835,22.9,84,64.1%,80,72%,39,17%,84,9%,52,26%,38,2%,15,0%,19,2%
Isaac Okoro,21.8,CLE,Wing,1615,21.3,81,57.7%,91,46%,21,10%,4,0%,7,11%,99,39%,1,4%,47,43%
KZ Okpala,23.5,SAC,Wing,213,6.7,9,45.6%,28,21%,58,18%,48,6%,48,24%,98,35%,25,21%,68,56%
Victor Oladipo,30.5,MIA,Combo,1100,26.2,21,48.4%,40,23%,46,19%,45,9%,39,28%,57,10%,74,39%,74,49%
Kelly Olynyk,31.5,UTA,Big,1942,28.6,55,58.2%,18,31%,70,25%,71,6%,75,31%,65,8%,85,30%,76,38%
Eugene Omoruyi,25.7,OKC,Big,237,10.8,7,47.5%,72,64%,4,7%,23,1%,4,8%,83,15%,52,14%,61,28%
Eugene Omoruyi,25.7,DET,Forward,358,21.1,14,48.8%,78,45%,46,15%,16,1%,34,16%,70,18%,36,21%,44,39%
Cedi Osman,27.6,CLE,Wing,1492,19.4,77,57.1%,62,32%,25,11%,18,2%,15,13%,54,15%,75,40%,68,55%
Kelly Oubre,26.9,CHA,Wing,1546,32.2,25,49.8%,68,34%,74,22%,40,5%,62,27%,38,13%,42,26%,34,39%
Chris Paul,37.5,PHX,Point,1886,32.0,48,51.6%,2,5%,67,29%,98,28%,98,58%,24,3%,61,35%,48,38%
Cameron Payne,28.2,PHX,Point,939,19.6,30,49.1%,24,19%,74,32%,52,10%,65,42%,39,4%,59,34%,52,38%
Gary Payton II,29.9,GSW,Wing,123,17.6,99,67.9%,93,48%,68,21%,0,0%,36,21%,87,28%,1,3%,19,31%
Gary Payton II,29.9,POR,Wing,255,17.0,100,69.5%,97,54%,4,5%,0,0%,1,5%,92,29%,8,12%,44,41%
Theo Pinson,27.0,DAL,Wing,253,8.5,17,47.3%,30,21%,22,10%,9,1%,10,12%,17,8%,98,60%,88,68%
Mason Plumlee,32.7,LAC,Big,449,19.5,96,72.4%,96,85%,22,14%,21,1%,18,15%,0,0%,0,0%,0,0%
Mason Plumlee,32.7,CHA,Big,1595,28.5,92,66.9%,92,83%,30,15%,47,3%,27,17%,0,0%,0,0%,0,0%
Jakob Poeltl,27.0,SAS,Big,1198,26.1,73,61.8%,61,58%,96,40%,36,2%,90,42%,0,0%,0,0%,0,0%
Jakob Poeltl,27.0,TOR,Big,706,27.2,87,65.2%,58,56%,98,44%,0,0%,92,44%,0,0%,0,0%,0,0%
Aleksej Pokusevski,20.8,OKC,Big,697,20.5,18,51.4%,27,39%,36,17%,62,5%,35,21%,76,12%,78,28%,79,40%
Jordan Poole,23.4,GSW,Combo,2444,29.8,46,51.8%,42,24%,54,20%,63,11%,53,31%,20,6%,78,40%,62,46%
Kevin Porter,22.5,HOU,Point,2023,34.3,59,52.4%,54,24%,50,25%,50,10%,43,35%,46,5%,63,36%,54,41%
Michael Porter,24.3,DEN,Wing,1795,29.0,89,60.4%,40,24%,15,10%,83,14%,46,23%,30,11%,77,42%,65,53%
Otto Porter,29.4,TOR,Wing,139,17.4,84,58.9%,39,23%,17,10%,89,17%,59,27%,43,13%,67,37%,59,50%
Bobby Portis,27.7,MIL,Big,1795,25.6,35,55.7%,13,29%,80,28%,91,13%,87,41%,73,11%,63,19%,67,31%
Kristaps Porzingis,27.2,WAS,Big,2119,32.6,44,56.7%,10,24%,82,29%,97,17%,95,45%,38,2%,80,29%,68,31%
Dwight Powell,31.3,DAL,Big,1449,19.3,97,73.5%,99,91%,2,6%,32,2%,2,7%,28,1%,20,1%,18,2%
Norman Powell,29.4,LAC,Wing,1535,25.6,68,55.7%,66,34%,67,20%,69,11%,73,31%,36,12%,33,23%,28,36%
Taurean Prince,28.6,MIN,Forward,1182,21.9,76,57.4%,44,30%,50,15%,74,7%,56,22%,78,21%,50,26%,56,47%
Payton Pritchard,24.8,BOS,Point,549,12.8,61,53.2%,35,21%,0,8%,28,6%,0,14%,93,15%,98,50%,98,65%
Immanuel Quickley,23.4,NYK,Combo,2302,28.4,65,54.2%,16,17%,89,30%,38,8%,79,38%,73,13%,53,32%,61,45%
Julius Randle,27.9,NYK,Forward,2733,35.5,48,53.9%,36,28%,64,22%,82,11%,74,32%,12,6%,66,34%,46,40%
Austin Reaves,24.4,LAL,Wing,1837,28.7,95,62.3%,52,27%,85,26%,63,9%,80,35%,35,12%,42,26%,34,38%
Cameron Reddish,23.2,POR,Wing,550,27.5,44,52.9%,62,32%,70,21%,11,2%,42,23%,65,17%,46,28%,50,45%
Cameron Reddish,23.2,NYK,Wing,437,21.9,31,51.1%,88,44%,42,15%,36,5%,33,19%,50,14%,31,23%,30,37%
Davon Reed,27.4,DEN,Wing,235,9.8,0,37.3%,18,17%,45,15%,85,15%,74,31%,48,14%,73,38%,64,52%
Paul Reed,23.4,PHI,Big,698,10.9,70,61.0%,87,77%,41,18%,44,2%,34,20%,24,0%,25,2%,21,2%
Naz Reid,23.2,MIN,Big,1229,18.1,65,60.3%,40,44%,50,20%,16,1%,36,21%,56,7%,79,28%,72,35%
Jared Rhoden,23.2,DET,Big,178,12.7,4,44.9%,12,27%,38,17%,86,10%,55,27%,94,22%,69,24%,86,46%
Nick Richards,24.9,CHA,Big,1183,19.4,75,62.1%,93,84%,27,15%,28,1%,24,16%,0,0%,16,0%,10,0%
Josh Richardson,29.1,SAS,Combo,980,23.3,58,53.6%,8,11%,43,19%,99,20%,83,39%,37,8%,82,42%,75,50%
Josh Richardson,29.1,NOP,Combo,509,22.1,60,53.6%,13,15%,30,17%,75,12%,45,29%,75,14%,83,42%,85,56%
Austin Rivers,30.3,MIN,Wing,1011,19.5,59,54.6%,59,31%,40,14%,0,0%,22,14%,99,38%,14,16%,67,54%
Duncan Robinson,28.5,MIA,Wing,658,16.5,30,50.9%,2,7%,17,10%,23,3%,13,13%,69,18%,99,63%,98,81%
Mitchell Robinson,24.6,NYK,Big,1588,26.9,93,67.1%,100,96%,1,3%,10,0%,1,4%,0,0%,0,0%,0,0%
Orlando Robinson,22.3,MIA,Big,407,13.1,24,53.5%,70,63%,84,30%,22,1%,75,31%,46,4%,25,2%,32,6%
Jeremiah Robinson-Earl,22.0,OKC,Big,785,18.7,18,51.5%,50,50%,2,4%,56,4%,3,8%,88,17%,70,25%,82,42%
Isaiah Roby,24.7,SAS,Big,372,10.1,15,50.4%,21,34%,59,22%,69,6%,64,28%,67,9%,82,30%,76,38%
David Roddy,21.6,MEM,Wing,1147,17.4,29,50.8%,71,35%,47,16%,10,1%,28,17%,80,22%,41,26%,56,48%
Derrick Rose,34.1,NYK,Point,332,12.8,15,45.7%,72,28%,63,28%,41,8%,48,35%,65,8%,39,29%,43,37%
Terrence Ross,31.7,PHX,Wing,379,18.1,43,52.8%,1,4%,40,14%,98,25%,88,39%,74,20%,68,37%,73,57%
Terrence Ross,31.7,ORL,Wing,939,22.4,50,53.5%,3,7%,60,18%,96,23%,91,41%,37,13%,74,40%,63,52%
Terry Rozier,28.6,CHA,Combo,2221,35.3,24,48.7%,58,27%,61,22%,64,11%,62,33%,71,13%,34,28%,44,40%
Ricky Rubio,32.0,CLE,Combo,556,16.9,1,40.7%,24,20%,80,27%,70,11%,80,39%,91,20%,21,22%,52,42%
D'Angelo Russell,26.7,LAL,Point,525,30.9,98,58.8%,61,25%,11,17%,57,11%,22,27%,37,4%,78,44%,61,48%
D'Angelo Russell,26.7,MIN,Point,1777,32.9,91,56.9%,17,17%,17,18%,80,16%,39,34%,54,6%,70,43%,65,49%
Matt Ryan,25.5,MIN,Forward,140,10.8,42,53.1%,4,12%,12,6%,46,4%,18,10%,92,30%,92,48%,94,78%
Matt Ryan,25.5,LAL,Wing,108,12.1,33,51.3%,0,0%,10,8%,91,20%,62,28%,81,23%,91,50%,94,73%
Domantas Sabonis,26.5,SAC,Big,2728,34.5,81,63.2%,73,66%,45,20%,77,7%,54,27%,31,1%,41,7%,35,8%
Luka Samanic,22.8,UTA,Forward,159,22.7,46,53.6%,58,34%,44,15%,34,3%,36,18%,46,13%,74,35%,58,48%
Dario Saric,28.6,PHX,Big,465,13.7,8,48.4%,17,30%,77,27%,61,4%,76,31%,78,12%,75,26%,77,39%
Dario Saric,28.6,OKC,Big,267,13.4,68,60.8%,24,36%,37,17%,70,6%,45,22%,56,7%,90,36%,82,42%
Admiral Schofield,25.6,ORL,Forward,407,12.4,28,51.4%,48,32%,22,10%,6,1%,22,11%,76,21%,76,37%,78,58%
Dennis Schroder,29.1,LAL,Point,1974,29.9,22,47.1%,63,26%,57,27%,85,16%,67,43%,74,9%,22,23%,30,31%
Alperen Sengun,20.3,HOU,Big,2166,28.9,46,57.0%,54,54%,94,37%,44,2%,85,40%,19,0%,39,6%,31,6%
Collin Sexton,23.8,UTA,Combo,1140,23.8,79,55.7%,84,39%,91,31%,28,7%,75,38%,12,5%,15,18%,7,23%
Landry Shamet,25.6,PHX,Combo,771,19.3,27,49.1%,22,19%,2,8%,39,8%,9,17%,81,15%,94,49%,93,64%
Day'Ron Sharpe,21.0,BKN,Big,450,11.3,27,53.9%,92,81%,31,15%,0,0%,19,15%,29,1%,32,3%,26,4%
Shaedon Sharpe,19.4,POR,Wing,1680,21.0,64,55.4%,74,36%,19,10%,81,13%,46,23%,55,15%,40,25%,39,40%
Pascal Siakam,28.6,TOR,Forward,2651,37.3,32,51.8%,34,28%,92,37%,98,17%,98,53%,4,4%,18,15%,6,19%
Ben Simmons,26.3,BKN,Point,1104,26.3,89,56.9%,100,56%,98,43%,2,1%,74,44%,0,0%,0,0%,0,0%
Anfernee Simons,23.4,POR,Combo,2167,35.0,72,54.8%,29,21%,28,16%,73,12%,38,28%,26,6%,91,45%,76,52%
Jericho Sims,24.0,NYK,Big,754,15.7,98,76.5%,98,87%,17,12%,22,1%,13,13%,0,0%,0,0%,0,0%
Marcus Smart,28.7,BOS,Point,1954,32.0,46,51.3%,37,21%,28,21%,15,4%,17,25%,83,11%,72,43%,85,54%
Ish Smith,34.3,DEN,Point,300,12.5,2,40.8%,33,20%,35,22%,100,51%,100,73%,20,3%,2,4%,2,7%
Jalen Smith,22.6,IND,Big,1265,18.6,25,53.5%,41,45%,32,15%,73,6%,37,21%,74,11%,66,23%,72,34%
Dennis Smith Jr.,24.9,CHA,Combo,1357,25.1,3,44.4%,89,43%,60,22%,85,14%,67,35%,19,6%,8,17%,6,22%
Jabari Smith Jr.,19.5,HOU,Big,2436,30.8,6,47.5%,10,23%,54,21%,96,16%,81,37%,62,8%,87,33%,79,41%
Jeremy Sochan,19.5,SAS,Forward,1436,25.7,12,48.8%,74,44%,84,28%,72,7%,80,34%,14,6%,26,16%,16,22%
Lamar Stevens,25.3,CLE,Wing,1055,18.5,34,51.3%,90,45%,68,21%,30,3%,50,24%,78,22%,4,9%,19,31%
Isaiah Stewart,21.4,DET,Big,1403,28.1,20,51.9%,39,44%,22,13%,35,2%,21,15%,82,14%,75,27%,81,41%
Max Strus,26.6,MIA,Wing,2238,28.0,52,53.8%,21,18%,20,10%,13,2%,11,12%,75,21%,89,49%,93,70%
Jalen Suggs,21.4,ORL,Combo,1236,23.3,30,49.8%,74,33%,29,16%,62,11%,34,27%,24,6%,61,35%,47,41%
Edmond Sumner,26.8,BKN,Combo,673,13.2,47,51.8%,92,47%,52,20%,10,4%,26,24%,83,15%,3,13%,17,29%
Jae'Sean Tate,27.0,HOU,Forward,676,21.8,26,50.9%,88,49%,90,32%,14,1%,76,33%,20,7%,8,11%,2,18%
Jayson Tatum,24.7,BOS,Wing,2730,36.9,58,54.5%,64,33%,62,19%,58,8%,60,27%,5,4%,66,36%,38,40%
Terry Taylor,23.1,IND,Big,174,8.3,10,49.1%,56,55%,19,13%,36,2%,15,14%,79,13%,61,18%,65,30%
Dalen Terry,20.3,CHI,Wing,146,6.4,3,43.8%,91,47%,16,10%,56,8%,30,18%,77,22%,10,14%,27,35%
Daniel Theis,30.6,IND,Big,108,15.5,16,51.2%,55,54%,53,21%,59,4%,48,25%,46,4%,59,17%,49,21%
Cameron Thomas,21.1,BKN,Wing,841,15.9,26,49.9%,27,20%,99,34%,91,19%,98,53%,2,3%,36,24%,11,27%
Klay Thompson,32.7,GSW,Wing,2277,33.0,68,55.7%,8,10%,53,17%,87,16%,77,33%,27,10%,85,46%,70,56%
JT Thor,20.2,CHA,Forward,910,13.4,10,46.7%,30,25%,60,21%,66,5%,62,26%,86,28%,38,21%,60,49%
Matisse Thybulle,25.7,POR,Wing,608,27.7,70,55.8%,61,32%,14,9%,0,0%,5,9%,95,30%,49,29%,77,59%
Matisse Thybulle,25.7,PHI,Wing,575,11.7,35,51.3%,81,38%,28,11%,0,0%,9,11%,96,30%,24,21%,60,50%
Xavier Tillman,23.8,MEM,Big,1103,21.2,72,61.2%,68,61%,88,34%,33,2%,79,36%,39,2%,21,1%,24,3%
Obi Toppin,24.7,NYK,Big,1016,15.2,39,56.1%,22,34%,13,9%,24,1%,10,10%,99,27%,79,28%,91,56%
Juan Toscano-Anderson,29.6,UTA,Wing,326,14.9,2,42.5%,77,37%,99,33%,23,3%,81,36%,75,21%,3,7%,12,28%
Juan Toscano-Anderson,29.6,LAL,Forward,343,12.7,66,56.9%,98,56%,38,13%,58,5%,36,18%,54,15%,6,11%,28,26%
Karl-Anthony Towns,27.0,MIN,Big,957,33.0,42,56.5%,16,30%,81,28%,79,8%,79,36%,49,4%,85,30%,73,35%
Gary Trent Jr.,23.8,TOR,Combo,2099,31.8,51,52.3%,15,16%,44,19%,94,19%,76,38%,46,9%,66,37%,63,46%
PJ Tucker,37.5,PHI,Big,1919,25.6,32,55.1%,9,22%,25,14%,46,3%,24,17%,100,60%,24,2%,94,61%
Myles Turner,26.6,IND,Big,1825,29.4,71,61.2%,36,42%,62,23%,61,4%,61,27%,43,3%,76,27%,65,30%
Jonas Valanciunas,30.5,NOP,Big,1966,24.9,45,56.9%,46,47%,86,34%,78,8%,88,41%,27,1%,49,12%,41,12%
Fred VanVleet,28.7,TOR,Point,2532,36.7,33,49.3%,26,20%,13,17%,63,13%,28,30%,59,7%,74,43%,72,50%
Jarred Vanderbilt,23.6,LAL,Big,624,24.0,41,56.4%,78,69%,12,9%,15,1%,8,10%,90,19%,24,2%,50,21%
Jarred Vanderbilt,23.6,UTA,Big,1249,24.0,56,58.3%,63,59%,65,24%,20,1%,49,25%,84,15%,21,1%,46,16%
Devin Vassell,22.2,SAS,Wing,1179,31.0,47,53.2%,23,19%,49,16%,97,23%,87,39%,17,8%,63,34%,46,42%
Gabe Vincent,26.4,MIA,Combo,1742,25.6,38,50.7%,11,14%,31,17%,53,9%,30,26%,92,20%,80,40%,91,60%
Noah Vonleh,27.2,BOS,Big,120,8.0,23,52.8%,82,74%,34,16%,0,0%,23,16%,70,11%,0,0%,36,11%
Nikola Vucevic,32.0,CHI,Big,2743,33.5,50,57.3%,15,29%,84,30%,90,12%,89,42%,44,4%,72,25%,62,29%
Dean Wade,25.9,CLE,Forward,850,20.2,50,54.0%,24,23%,18,8%,26,2%,16,10%,94,32%,72,35%,84,67%
Franz Wagner,21.2,ORL,Wing,2608,32.6,60,54.7%,83,40%,88,27%,36,5%,75,31%,9,5%,36,24%,15,29%
Moritz Wagner,25.5,ORL,Big,1091,19.1,34,55.6%,55,55%,11,9%,32,2%,9,10%,54,6%,81,29%,74,35%
Ishmail Wainright,28.1,PHX,Forward,815,14.3,22,50.0%,14,18%,14,7%,8,1%,14,8%,98,40%,68,34%,90,75%
Jabari Walker,20.3,POR,Big,489,10.4,2,42.2%,50,50%,51,21%,70,6%,52,26%,61,7%,58,17%,55,24%
Kemba Walker,32.5,DAL,Combo,122,13.6,18,48.0%,64,29%,58,21%,48,9%,51,30%,4,4%,71,38%,48,41%
Lonnie Walker,23.9,LAL,Wing,1266,24.8,48,53.3%,60,32%,39,14%,68,10%,54,24%,39,13%,54,31%,48,44%
John Wall,32.2,LAC,Point,753,22.2,17,45.9%,85,35%,24,19%,91,18%,52,37%,35,3%,24,24%,24,28%
TJ Warren,29.2,PHX,Big,178,11.9,7,47.8%,7,19%,89,34%,98,19%,98,54%,84,15%,50,12%,59,27%
TJ Warren,29.2,BKN,Forward,468,18.0,54,55.0%,20,21%,98,40%,94,16%,100,55%,26,8%,20,15%,18,23%
Duane Washington,22.6,PHX,Point,349,13.4,13,45.0%,15,17%,43,24%,89,17%,63,41%,72,8%,54,33%,57,41%
PJ Washington,24.2,CHA,Big,2376,32.6,21,52.1%,12,27%,69,25%,74,6%,76,32%,69,9%,86,32%,81,41%
TyTy Washington Jr.,21.0,HOU,Combo,387,14.4,2,40.9%,10,12%,92,31%,52,9%,88,41%,66,11%,65,36%,66,48%
Yuta Watanabe,28.1,BKN,Forward,872,16.1,100,63.5%,42,30%,30,11%,66,5%,32,16%,88,29%,44,25%,68,54%
Lindy Waters,25.3,OKC,Forward,489,12.2,90,59.1%,0,9%,0,2%,12,1%,0,3%,72,19%,100,69%,100,88%
Trendon Watford,22.0,POR,Big,1113,18.9,67,60.8%,47,47%,90,35%,24,1%,80,36%,39,2%,55,15%,48,17%
Peyton Watson,20.1,DEN,Wing,143,15.9,11,45.9%,99,68%,30,11%,17,2%,20,14%,23,9%,5,9%,2,18%
Blake Wesley,19.6,SAS,Combo,608,16.9,0,38.1%,88,40%,57,21%,89,16%,74,37%,29,7%,7,16%,8,23%
Russell Westbrook,34.0,LAL,Combo,1487,28.6,11,45.9%,91,44%,40,18%,66,11%,46,29%,18,6%,19,21%,13,26%
Russell Westbrook,34.0,LAC,Point,633,30.2,70,53.6%,96,41%,26,20%,65,13%,37,33%,80,11%,13,15%,22,26%
Coby White,22.7,CHI,Combo,1674,22.6,81,55.8%,43,24%,20,13%,27,6%,15,20%,54,10%,92,46%,87,56%
Derrick White,28.3,BOS,Combo,2289,27.9,80,55.7%,44,25%,70,24%,11,4%,40,28%,76,15%,55,33%,67,48%
Aaron Wiggins,23.8,OKC,Wing,1245,18.1,74,56.5%,95,51%,52,17%,7,1%,30,18%,62,16%,11,15%,18,31%
Andrew Wiggins,27.7,GSW,Wing,1188,32.1,67,55.7%,30,21%,87,27%,73,12%,85,38%,21,8%,56,32%,40,41%
Grant Williams,23.9,BOS,Big,1990,25.2,51,57.5%,8,22%,49,20%,34,2%,42,22%,98,26%,84,30%,92,56%
Jalen Williams,21.5,OKC,Wing,2259,30.1,80,57.6%,92,48%,75,23%,52,6%,68,29%,5,4%,21,19%,6,23%
Jaylin Williams,20.3,OKC,Big,874,18.2,27,53.8%,11,26%,52,21%,87,10%,73,30%,64,8%,91,36%,84,44%
Jeenathan Williams,23.7,POR,Wing,119,23.9,97,63.5%,100,71%,5,5%,23,3%,4,8%,42,13%,3,8%,4,21%
Kenrich Williams,27.9,OKC,Big,1198,22.6,61,59.5%,28,39%,24,14%,85,10%,47,24%,81,13%,68,24%,75,37%
Mark Williams,20.9,CHA,Big,802,21.1,84,64.3%,90,78%,47,20%,41,2%,41,22%,0,0%,0,0%,0,0%
Patrick Williams,21.2,CHI,Big,2267,27.7,31,54.8%,19,32%,30,15%,93,14%,67,29%,86,16%,65,23%,78,39%
Robert Williams,25.0,BOS,Big,820,23.5,98,74.6%,87,76%,50,20%,48,3%,46,23%,26,1%,0,0%,12,1%
Ziaire Williams,21.1,MEM,Wing,496,14.6,36,51.5%,58,30%,42,15%,54,7%,38,22%,82,23%,38,25%,55,48%
Zion Williamson,22.3,NOP,Big,955,33.0,73,61.8%,84,75%,52,21%,21,1%,39,22%,18,0%,31,3%,24,3%
Justise Winslow,26.6,POR,Forward,764,26.4,4,44.9%,86,47%,82,27%,52,4%,72,32%,28,10%,10,12%,12,21%
James Wiseman,21.6,GSW,Big,223,12.4,82,63.6%,62,58%,87,34%,68,5%,85,40%,0,0%,27,2%,20,2%
James Wiseman,21.6,DET,Big,603,25.1,28,54.1%,51,51%,93,37%,72,6%,92,43%,22,0%,40,6%,33,7%
Christian Wood,27.1,DAL,Big,1715,25.6,57,58.8%,33,41%,44,19%,78,7%,53,27%,52,6%,76,27%,70,33%
Delon Wright,30.5,WAS,Combo,1217,24.3,70,54.8%,69,30%,83,28%,15,4%,58,33%,60,10%,33,27%,35,38%
McKinley Wright,24.0,DAL,Combo,303,12.7,54,52.9%,63,28%,96,35%,60,10%,93,45%,30,7%,17,19%,12,26%
Thaddeus Young,34.4,TOR,Big,781,14.7,38,56.0%,39,43%,95,38%,39,2%,86,40%,77,12%,36,5%,47,17%
Trae Young,24.1,ATL,Point,2540,34.8,26,48.8%,46,22%,76,33%,78,16%,85,49%,11,2%,33,27%,26,29%
Cody Zeller,30.1,MIA,Big,216,14.4,76,62.7%,79,70%,61,23%,60,4%,59,27%,35,1%,23,1%,22,3%
Ivica Zubac,25.6,LAC,Big,2168,28.5,83,63.7%,83,74%,71,25%,16,1%,50,26%,0,0%,0,0%,0,0%